{
    "metadata": {},
    "state": {
        "system_registry": {},
        "object_registry": {
            "robot0": {
                "root_link": {
                    "pos": [
                        0.0,
                        0.0,
                        0.0
                    ],
                    "ori": [
                        0.0,
                        0.0,
                        0.7071073055267334,
                        0.707106351852417
                    ],
                    "lin_vel": [
                        0.0,
                        0.0,
                        0.0
                    ],
                    "ang_vel": [
                        0.0,
                        0.0,
                        0.0
                    ]
                },
                "joint_pos": [
                    0.025646822527050972,
                    -0.5169991850852966,
                    0.006826451979577541,
                    0.025818102061748505,
                    0.0006723655387759209,
                    -1.544753074645996,
                    0.17006507515907288,
                    -1.1001561880111694,
                    0.6032798290252686,
                    -0.5036712288856506,
                    1.4699516296386719,
                    0.10164052993059158,
                    -0.997253954410553,
                    2.7098934650421143,
                    1.4350939989089966,
                    1.7098617553710938,
                    1.6461974382400513,
                    -1.570030927658081,
                    1.2109034061431885,
                    1.3900214433670044,
                    -1.0006847381591797,
                    2.7112670068163425e-05,
                    2.0943944454193115,
                    0.04498853534460068,
                    0.04499998688697815,
                    0.04205075651407242,
                    0.014436449855566025
                ],
                "joint_vel": [
                    0.00011404577526263893,
                    0.00045760758803226054,
                    -0.008406581357121468,
                    -0.03368527814745903,
                    -0.0008636780548840761,
                    -3.626038596848957e-05,
                    -0.0001267276966245845,
                    0.0007108558784238994,
                    -0.09775371104478836,
                    0.0008001293754205108,
                    0.0005880494136363268,
                    -0.04078352823853493,
                    0.0004812965344171971,
                    -0.00042040448170155287,
                    0.09341055154800415,
                    -0.00020320451585575938,
                    -0.5171744227409363,
                    1.2019940186291933e-05,
                    0.09198634326457977,
                    0.00030020897975191474,
                    -0.3713962137699127,
                    -8.592403173679486e-05,
                    -0.006259739398956299,
                    -1.233048260473879e-05,
                    -2.858918151105172e-07,
                    0.05029839277267456,
                    0.048879969865083694
                ],
                "joint_eff": [
                    -1.604838490486145,
                    -13.22851848602295,
                    66.67057800292969,
                    86.66234588623047,
                    -8.857640266418457,
                    4.757641315460205,
                    -16.11090660095215,
                    -0.4063829183578491,
                    2.429478645324707,
                    -0.01427430659532547,
                    -1.2341827154159546,
                    -0.20634156465530396,
                    0.023560894653201103,
                    0.007282678037881851,
                    -0.11593043804168701,
                    0.4146617650985718,
                    0.6394228339195251,
                    -0.008267766796052456,
                    0.06551261991262436,
                    0.013120659627020359,
                    -0.09551743417978287,
                    2.1606683731079102e-07,
                    -0.0032457164488732815,
                    0.015209048986434937,
                    -0.015656262636184692,
                    -18.0329532623291,
                    -18.525585174560547
                ],
                "controllers": {
                    "base": {
                        "goal_is_valid": true,
                        "goal": {
                            "target": [
                                0.0,
                                0.0,
                                0.0
                            ]
                        }
                    },
                    "camera": {
                        "goal_is_valid": true,
                        "goal": {
                            "target": [
                                -0.5036707520484924,
                                -0.997253954410553
                            ]
                        }
                    },
                    "arm_left": {
                        "goal_is_valid": true,
                        "goal": {
                            "target": [
                                0.17000000178813934,
                                -1.100000023841858,
                                1.4700000286102295,
                                2.7100000381469727,
                                1.7100000381469727,
                                -1.5700000524520874,
                                1.3899999856948853,
                                0.0
                            ]
                        }
                    },
                    "gripper_left": {
                        "goal_is_valid": true,
                        "goal": {
                            "target": [
                                0.0
                            ]
                        }
                    },
                    "arm_right": {
                        "goal_is_valid": true,
                        "goal": {
                            "target_pos": [
                                0.45009535551071167,
                                -0.17527024447917938,
                                0.8207985758781433
                            ],
                            "target_quat": [
                                0.03344390168786049,
                                0.1385129690170288,
                                0.7143225073814392,
                                0.6851562261581421
                            ]
                        },
                        "control_filter": {
                            "past_samples": [
                                [
                                    0.6031638979911804,
                                    0.10242480039596558,
                                    1.4332212209701538,
                                    1.6642160415649414,
                                    1.2082467079162598,
                                    -0.9871037006378174,
                                    2.093723773956299
                                ],
                                [
                                    0.6030697226524353,
                                    0.10209117829799652,
                                    1.4335556030273438,
                                    1.6642552614212036,
                                    1.2088080644607544,
                                    -0.9869804382324219,
                                    2.0933046340942383
                                ]
                            ],
                            "current_idx": 0,
                            "fully_filled": true
                        }
                    },
                    "gripper_right": {
                        "goal_is_valid": true,